"시점","행정구역(시군구)별","성별",계,0세,1세,2세,3세,4세,5세,6세,7세,8세,9세,10세,11세,12세,13세,14세,15세,16세,17세,18세,19세,20세,21세,22세,23세,24세,25세,26세,27세,28세,29세,30세,31세,32세,33세,34세,35세,36세,37세,38세,39세,40세,41세,42세,43세,44세,45세,46세,47세,48세,49세,50세,51세,52세,53세,54세,55세,56세,57세,58세,59세,60세,61세,62세,63세,64세,65세,66세,67세,68세,69세,70세,71세,72세,73세,74세,75세,76세,77세,78세,79세,80세 이상,80세,81세,82세,83세,84세,85세 이상,85세,86세,87세,88세,89세,90세,91세,92세,93세,94세,95세,96세,97세,98세,99세,100세 이상
"2023","전국","계",51145884.5,235093,259159.5,272022.5,293477.5,321052,348781,388732.5,428901.5,442731.5,441088.5,465530,482829,474657.5,460500.5,458002,481602,471797,441605,453116.5,481161.5,491237.5,523825,595501.5,625504.5,625583,650926,673446,691683.5,705847,707021,712864,709059,667102,631820,624439,617775,618368.5,635220,651668,698334.5,776983.5,821853.5,828485,821623.5,764321,739869.5,759120.5,763860,810057.5,859871,876667,899598,909942,899624,902424.5,870917.5,815924.5,809576.5,816721,786926,808666.5,865555.5,883738.5,851847,780376,740469.5,699646.5,673246.5,631116.5,537790.5,521591.5,469784.5,405944.5,417481.5,414234.5,409592,364395,300812,287562.5,291141,2297461,316162,307175,251452,228962.5,210217,983492.5,181574.5,158257.5,138607,117300,92827,73953,57638.5,43755.5,34834.5,26708,19403.5,12813.5,8295.5,5564.5,4216,7744
"2023","전국","남자",25469181,120277,132695,139298.5,150427,164755.5,179196,199401.5,219580,226780.5,225898.5,238640,247706.5,244064,237188,235642.5,247540.5,243001,228209.5,234281.5,249020.5,255137.5,272435,309965.5,325865.5,325888,337871.5,350553.5,363673,373502.5,375165.5,376415,371564.5,350528,331022.5,324682,318673,317893.5,327237,333695.5,356537,395692.5,418663.5,422190,416036.5,389215.5,376085,384167.5,387182.5,410282.5,434254.5,443355.5,458356.5,461820,453697.5,451901,431704.5,411951,411498.5,408847.5,396957.5,408680,432154,434887.5,417610.5,384117,365411,342813,324471,303419.5,258402,247442,221832.5,190364,194263.5,191580,186944.5,164333,133965.5,123931.5,121764,795026.5,129457,122787.5,96927,85099.5,75590.5,285165,62725.5,52144.5,43304,34781,25972.5,19356,14004.5,9742,7450,5482.5,3631,2252,1364.5,952.5,787.5,1215
"2023","전국","여자",25676703.5,114816,126464.5,132724,143050.5,156296.5,169585,189331,209321.5,215951,215190,226890,235122.5,230593.5,223312.5,222359.5,234061.5,228796,213395.5,218835,232141,236100,251390,285536,299639,299695,313054.5,322892.5,328010.5,332344.5,331855.5,336449,337494.5,316574,300797.5,299757,299102,300475,307983,317972.5,341797.5,381291,403190,406295,405587,375105.5,363784.5,374953,376677.5,399775,425616.5,433311.5,441241.5,448122,445926.5,450523.5,439213,403973.5,398078,407873.5,389968.5,399986.5,433401.5,448851,434236.5,396259,375058.5,356833.5,348775.5,327697,279388.5,274149.5,247952,215580.5,223218,222654.5,222647.5,200062,166846.5,163631,169377,1502434.5,186705,184387.5,154525,143863,134626.5,698327.5,118849,106113,95303,82519,66854.5,54597,43634,34013.5,27384.5,21225.5,15772.5,10561.5,6931,4612,3428.5,6529
"2023","서울특별시","계",9334933.5,39254,42512.5,43586.5,45866.5,49046,52644.5,58671.5,64409.5,66468.5,66484,70287,72799,72330.5,70926,71466,76156.5,75185.5,71181.5,74162,84557.5,89233,96467,115350,128786,134857.5,146821,156983.5,163113,167804.5,168121.5,167585.5,164773.5,153003,141776,137360.5,132560.5,128841.5,129107.5,129024.5,134213,144628.5,149629.5,149544,147649.5,135734,130536.5,134706.5,135153.5,142343.5,150634.5,154796.5,160238,161401,157195.5,153922,146659,135596,133865.5,137416,133699.5,135563,142356,146388,144136.5,134792.5,129945,123885.5,121363.5,114911.5,98850.5,96437,84991.5,73661.5,77652.5,77038.5,76987,69745.5,57959,53806,52623,372713.5,55789,53172,42641,37607.5,33672,149832,28610.5,24470.5,21041.5,17466.5,13682,10892,8398,6471,5337.5,4222,3091,2062,1273,877.5,693.5,1243.5
"2023","서울특별시","남자",4517716.5,20135,21789,22397.5,23734,25491.5,27062.5,29955,32894.5,33915.5,34099,36129.5,37342.5,37189.5,36430,36698,39171.5,38679,36635.5,38000.5,42222.5,43112.5,45535.5,54655,60059,62200.5,67946,73590.5,78320.5,82337.5,83532.5,83539,82183.5,76985,71474,68878,66088,64131.5,64518.5,64296.5,67020,72048,74608,74525.5,72649.5,67038,64310.5,66112.5,66640.5,70356.5,74194.5,76107,79554,79838,77449,75519,70795.5,66650,66224,66695,65304.5,66433,68635.5,69135,67924,63762.5,61395,58078.5,56096.5,53205.5,45995.5,44581.5,39275.5,33927.5,35396.5,34895,34636,31053.5,25787.5,23814,23123.5,143570,24429.5,23115.5,18024,15366.5,13449.5,49185,11031,8989,7407,5844,4331.5,3283.5,2333.5,1645,1342,1034,694.5,423,243,175,152,257
"2023","서울특별시","여자",4817217,19119,20723.5,21189,22132.5,23554.5,25582,28716.5,31515,32553,32385,34157.5,35456.5,35141,34496,34768,36985,36506.5,34546,36161.5,42335,46120.5,50931.5,60695,68727,72657,78875,83393,84792.5,85467,84589,84046.5,82590,76018,70302,68482.5,66472.5,64710,64589,64728,67193,72580.5,75021.5,75018.5,75000,68696,66226,68594,68513,71987,76440,78689.5,80684,81563,79746.5,78403,75863.5,68946,67641.5,70721,68395,69130,73720.5,77253,76212.5,71030,68550,65807,65267,61706,52855,51855.5,45716,39734,42256,42143.5,42351,38692,32171.5,29992,29499.5,229143.5,31359.5,30056.5,24617,22241,20222.5,100647,17579.5,15481.5,13634.5,11622.5,9350.5,7608.5,6064.5,4826,3995.5,3188,2396.5,1639,1030,702.5,541.5,986.5
"2023","부산광역시","계",3291326,13205.5,14614.5,15312,16596.5,18577,20612,23192.5,25656,26486.5,26050,27209,28079.5,27314.5,25915.5,25415,26700.5,25968,24432,25458.5,27834,28940.5,31724,37447,39807,39508,40267.5,41270,41927.5,42219,42515.5,42953.5,42717,39837.5,37894.5,37569.5,36605,36384,37173,38649,42136.5,47248.5,50831,52267.5,51695.5,47545,45039.5,45250,45729.5,48963,51915,53358.5,54871,55765.5,55762.5,56279.5,55453.5,52277,51463.5,51982,51527,55072,60418,62887,61419.5,57439,56152,54246,53653.5,50733,43350,42192,39231.5,34457,34268.5,34112,32914,28517,23042,22176,22874,154773,23554,22080.5,18323.5,16328.5,14217.5,60269,11861.5,10101,8643.5,7139,5524.5,4316,3393,2479,1937,1552.5,1192,750.5,468,305.5,211.5,394.5
"2023","부산광역시","남자",1604893,6770.5,7508,7884,8509,9472,10565.5,11845,13127.5,13642,13399.5,13991.5,14371,13972.5,13356.5,13077.5,13699,13315,12581.5,13100,14296.5,14685,15987.5,19184.5,20615,20522.5,20716,21167.5,21677.5,21830,22130,22300.5,22110,20804.5,19676.5,19283,18581,18574.5,19109,19665,21328,23875,25784,26509,26030,24127,22931.5,22813,22969.5,24485.5,25852,26575.5,27318.5,27519,27328.5,27334,26439,25395,25073,24820.5,24910.5,26558,28604,29390,28736,27001.5,26618,25636.5,24812.5,23816.5,20475.5,19393,18055.5,15822,15575.5,15348.5,14702,12735.5,10320.5,9725,9846.5,55199,9913,8969,7179.5,6177.5,5221,17739,4218,3434.5,2714,2085.5,1560,1119,813,565,422,310,191,113,66.5,40,30,57.5
"2023","부산광역시","여자",1686433,6435,7106.5,7428,8087.5,9105,10046.5,11347.5,12528.5,12844.5,12650.5,13217.5,13708.5,13342,12559,12337.5,13001.5,12653,11850.5,12358.5,13537.5,14255.5,15736.5,18262.5,19192,18985.5,19551.5,20102.5,20250,20389,20385.5,20653,20607,19033,18218,18286.5,18024,17809.5,18064,18984,20808.5,23373.5,25047,25758.5,25665.5,23418,22108,22437,22760,24477.5,26063,26783,27552.5,28246.5,28434,28945.5,29014.5,26882,26390.5,27161.5,26616.5,28514,31814,33497,32683.5,30437.5,29534,28609.5,28841,26916.5,22874.5,22799,21176,18635,18693,18763.5,18212,15781.5,12721.5,12451,13027.5,99574,13641,13111.5,11144,10151,8996.5,42530,7643.5,6666.5,5929.5,5053.5,3964.5,3197,2580,1914,1515,1242.5,1001,637.5,401.5,265.5,181.5,337
"2023","대구광역시","계",2372562,9677.5,10873,11596,12894,14506.5,15958,18186,19947,20425.5,20247.5,21281.5,22088,21666,20844.5,20769,22141,21732.5,20698,21544,23338,23826.5,25396,29032,30161,29125,29516.5,30143,30527.5,30626.5,30175.5,30576,30435,28544,27342,26538.5,25799,26207.5,26929.5,27392.5,29585.5,33594,36029.5,36606,36683,34210.5,33255.5,34847.5,35697,37899,40170.5,41762,42986.5,43281.5,43190,44105,43440.5,40427,39590.5,40072,38487,39665,42597,42246.5,41025.5,37332.5,34610.5,33816.5,32551,29983,26251,26451.5,24239.5,20787,20927.5,21137.5,20302,16675,13060.5,13380,14568.5,106327.5,15499.5,14634,11991.5,10917,9866.5,43419,8343,7272,6326,5328,4119.5,3257.5,2514,1811.5,1347,1016,751,472,300,185.5,129,247
"2023","대구광역시","남자",1165738.5,4942,5586.5,5964,6661,7466,8159.5,9316.5,10213.5,10453.5,10325,10863.5,11320.5,11159,10784,10759.5,11397.5,11203,10797.5,11292,12200,12496,13370.5,15283.5,15950.5,15625,15674,15793,16031.5,16246,16095,16349.5,16299,15419,14793.5,14330,13781.5,13946,14220.5,14143,14980.5,16709,17842,18137,18035.5,17000,16570,17247.5,17559,18582,19636.5,20361.5,21103.5,21218,20998.5,21474,21005.5,19846,19478.5,19345,18813.5,19392,20672.5,20240,19476,17918,16766.5,16235,15155,13930,12227,11940,10927.5,9429.5,9475,9398,8822.5,7239.5,5632.5,5529,5908.5,36770.5,6269,5758,4477,3969.5,3508,12789,2849,2414,1997.5,1611.5,1193,891,640.5,397.5,260.5,191.5,135,79,47,34,23,25
"2023","대구광역시","여자",1206823.5,4735.5,5286.5,5632,6233,7040.5,7798.5,8869.5,9733.5,9972,9922.5,10418,10767.5,10507,10060.5,10009.5,10743.5,10529.5,9900.5,10252,11138,11330.5,12025.5,13748.5,14210.5,13500,13842.5,14350,14496,14380.5,14080.5,14226.5,14136,13125,12548.5,12208.5,12017.5,12261.5,12709,13249.5,14605,16885,18187.5,18469,18647.5,17210.5,16685.5,17600,18138,19317,20534,21400.5,21883,22063.5,22191.5,22631,22435,20581,20112,20727,19673.5,20273,21924.5,22006.5,21549.5,19414.5,17844,17581.5,17396,16053,14024,14511.5,13312,11357.5,11452.5,11739.5,11479.5,9435.5,7428,7851,8660,69557,9230.5,8876,7514.5,6947.5,6358.5,30630,5494,4858,4328.5,3716.5,2926.5,2366.5,1873.5,1414,1086.5,824.5,616,393,253,151.5,106,222
"2023","인천광역시","계",2966979,14254,15817.5,16544,17918,19600.5,20864.5,23004.5,25454,26150,25909,27183,28425.5,27978.5,26978.5,26635.5,28068,27466,25466,26108,27667,28184.5,29864.5,33757,35653,35977,37971.5,39950,41291.5,42810.5,43705,44549,44571,42044.5,39460.5,38687,37966.5,37803.5,38994,40031,42894,47564.5,50466.5,50770.5,50032.5,46321,44428,44961.5,45182.5,47812,50379.5,51487.5,52548.5,53041.5,52585,52857.5,51075.5,48075.5,48601,50004,48350.5,49335,51950.5,52191,49709,45274,42402,38817,36549.5,33794.5,28165.5,26959.5,23189,19417,20717,20536.5,20311,18472.5,15089.5,13784,13742,106370.5,14725.5,14151,11373.5,10273.5,9612,46235,8309.5,7221,6377,5373.5,4326,3504,2793,2156,1734,1343.5,1000,678.5,439.5,318.5,229,432
"2023","인천광역시","남자",1483001.5,7276,8062.5,8478.5,9260,10092.5,10745.5,11791,12972,13402.5,13256.5,13893.5,14632.5,14389.5,13874,13618,14290.5,14127,13123.5,13391.5,14251,14627.5,15570,17504,18376.5,18641.5,19523,20630,21518.5,22404.5,23057,23351.5,23262.5,22090.5,20621,20118,19616,19499,20262.5,20704.5,22026,24414.5,26022,26166.5,25735.5,23839,22711,23014.5,23182.5,24474.5,25488,25938.5,26635,26730,26197.5,25906.5,24803,23706.5,24232.5,24761,24155.5,24719.5,25993.5,25996,24656,22484,20957,19057,17757,16287.5,13539.5,12948.5,11139.5,9325,9828.5,9645.5,9313,8286,6733.5,6041,5850,35998,6045.5,5566.5,4327,3783.5,3399,12876.5,2803.5,2300.5,1953,1561.5,1160,858,622.5,452.5,339.5,266,193.5,122.5,63,45.5,51,84
"2023","인천광역시","여자",1483977.5,6978,7755,8065.5,8658,9508,10119,11213.5,12482,12747.5,12652.5,13289.5,13793,13589,13104.5,13017.5,13777.5,13339,12342.5,12716.5,13416,13557,14294.5,16253,17276.5,17335.5,18448.5,19320,19773,20406,20648,21197.5,21308.5,19954,18839.5,18569,18350.5,18304.5,18731.5,19326.5,20868,23150,24444.5,24604,24297,22482,21717,21947,22000,23337.5,24891.5,25549,25913.5,26311.5,26387.5,26951,26272.5,24369,24368.5,25243,24195,24615.5,25957,26195,25053,22790,21445,19760,18792.5,17507,14626,14011,12049.5,10092,10888.5,10891,10998,10186.5,8356,7743,7892,70372.5,8680,8584.5,7046.5,6490,6213,33358.5,5506,4920.5,4424,3812,3166,2646,2170.5,1703.5,1394.5,1077.5,806.5,556,376.5,273,178,348
"2023","광주광역시","계",1420562,6699,7778,8007.5,8619,9599,10492.5,11929,13069.5,13505.5,13657,14513,14988.5,14846,14655.5,14562,15451.5,15242.5,14319,14764,15760,16242,17444,19766,20171,19735,20124.5,20305,20428,20350.5,19762,19616,19062,17528,16350.5,16011.5,16007.5,16248,16908.5,17788.5,19524,22004.5,23167.5,23162.5,23360,22141.5,21565,22442.5,22295,23607,25149,25307,25823.5,25910,24905,24855.5,24265.5,22609.5,22189.5,21449,20726.5,20693,20805,21784.5,21452,19149.5,17844,16313,15459,14567.5,12250.5,12045.5,11471,10461,10902.5,10614,10405,9524.5,7880,7263.5,6837,54074,7651,7767.5,6116.5,5346.5,4855,22337.5,4261,3547,3033,2682.5,2122,1624.5,1271,1033.5,848,618.5,415,285.5,201,117.5,95,182.5
"2023","광주광역시","남자",701187.5,3428.5,4001,4063,4334,4904,5434,6089,6682,6949.5,7008,7516,7766.5,7657,7541,7476,7992,7909.5,7413.5,7649,8201,8442,9018,10255.5,10556,10335.5,10510.5,10632,10599.5,10623.5,10401.5,10296.5,9939,9174,8517.5,8220.5,8184.5,8231,8538.5,9007,9911,11114,11628,11525,11505.5,10924.5,10659.5,11109.5,11122,11754,12438,12507,12825,12826.5,12343,12269.5,11907.5,11233.5,10986.5,10532.5,10255,10195.5,10150.5,10453,10185.5,9049,8450,7794.5,7329.5,6810,5637,5485,5208.5,4746.5,4878.5,4708.5,4543.5,4173.5,3474,3106,2868.5,19066.5,3192.5,3162.5,2350.5,2011.5,1803.5,6546,1522,1187,960.5,821.5,598.5,418.5,306,218.5,182.5,131.5,78.5,49.5,27.5,16.5,13,14.5
"2023","광주광역시","여자",719374.5,3270.5,3777,3944.5,4285,4695,5058.5,5840,6387.5,6556,6649,6997,7222,7189,7114.5,7086,7459.5,7333,6905.5,7115,7559,7800,8426,9510.5,9615,9399.5,9614,9673,9828.5,9727,9360.5,9319.5,9123,8354,7833,7791,7823,8017,8370,8781.5,9613,10890.5,11539.5,11637.5,11854.5,11217,10905.5,11333,11173,11853,12711,12800,12998.5,13083.5,12562,12586,12358,11376,11203,10916.5,10471.5,10497.5,10654.5,11331.5,11266.5,10100.5,9394,8518.5,8129.5,7757.5,6613.5,6560.5,6262.5,5714.5,6024,5905.5,5861.5,5351,4406,4157.5,3968.5,35007.5,4458.5,4605,3766,3335,3051.5,15791.5,2739,2360,2072.5,1861,1523.5,1206,965,815,665.5,487,336.5,236,173.5,101,82,168
"2023","대전광역시","계",1438846,7405.5,7921,7951.5,8332,9055,9951,11211,12253,12665,12696,13374.5,13858.5,13765.5,13377,13493,14403,14205,13397,13952.5,15086.5,15515.5,16832.5,19532.5,20516.5,20431.5,21254,21664.5,21972.5,21939,21479,21186.5,20862,19549.5,18373.5,17796,17534,17403,17673.5,17900,18924.5,21080.5,22447,22628.5,22401.5,21294,20984,21651.5,21795.5,23004.5,24829,25210,25660.5,25814,25702,26094,24680,22285.5,21668,21937,20710,21381,23627,24004,22709,20401,19331.5,18614.5,17864.5,16757,14103,13153.5,11810.5,10528,10773.5,10469,10032,8690,7319,7078.5,7091.5,54537.5,7699.5,7440.5,5778.5,5267,5081.5,23270.5,4309,3755.5,3247.5,2751,2198.5,1759.5,1381.5,1039,805.5,633,476.5,289,200,134.5,98.5,192
"2023","대전광역시","남자",716965.5,3816,4109.5,4141.5,4244,4593,5103.5,5760,6311.5,6539,6521.5,6863.5,7155.5,7105,6899,6983.5,7438.5,7336,6971,7265.5,7784.5,7825,8439.5,10004.5,10675,10697.5,11138.5,11446,11736.5,11764.5,11527.5,11336,11029,10436.5,9848.5,9535.5,9287.5,9122,9217.5,9195,9623.5,10658.5,11275,11324,11144,10616.5,10422,10668.5,10776,11422.5,12251,12514.5,12927.5,13035.5,12849.5,12860,12098.5,11180,10893,10831,10276,10601,11611.5,11607,10893,9852,9422.5,9061.5,8554,7919.5,6693,6272.5,5567.5,4958,5042.5,4826,4566.5,3950,3290,3088,2984.5,19354.5,3190.5,3040.5,2254.5,1998,1889,6982,1544.5,1247,1030,839,651.5,508.5,355,251,174,129.5,94,53.5,37,25,13.5,29
"2023","대전광역시","여자",721880.5,3589.5,3811.5,3810,4088,4462,4847.5,5451,5941.5,6126,6174.5,6511,6703,6660.5,6478,6509.5,6964.5,6869,6426,6687,7302,7690.5,8393,9528,9841.5,9734,10115.5,10218.5,10236,10174.5,9951.5,9850.5,9833,9113,8525,8260.5,8246.5,8281,8456,8705,9301,10422,11172,11304.5,11257.5,10677.5,10562,10983,11019.5,11582,12578,12695.5,12733,12778.5,12852.5,13234,12581.5,11105.5,10775,11106,10434,10780,12015.5,12397,11816,10549,9909,9553,9310.5,8837.5,7410,6881,6243,5570,5731,5643,5465.5,4740,4029,3990.5,4107,35183,4509,4400,3524,3269,3192.5,16288.5,2764.5,2508.5,2217.5,1912,1547,1251,1026.5,788,631.5,503.5,382.5,235.5,163,109.5,85,163
"2023","울산광역시","계",1103825,5116,5728.5,6260,6862,7575.5,8392.5,9545,10635.5,10993.5,10930.5,11405,11657.5,11357.5,11007.5,10927.5,11479,11054.5,10214.5,10348.5,10321,10148,10737.5,11956.5,12347,12174,12833.5,13392.5,13897.5,14114.5,14067.5,14171.5,14280,13716.5,13265,13169,12948.5,13129.5,13581,14123,15424.5,17424.5,18726,19113.5,18936,17469.5,16836.5,16934,16781,17804,18934.5,19425.5,20213.5,20772.5,20893,21516,21289,20366.5,20351,20151.5,18789.5,19123.5,20459.5,20352,19078,17337,16146.5,15007,14235.5,12968,11088,10497.5,9266.5,7990,7690,7439,7059.5,5826,4523,4331,4539,30852.5,4823.5,4344,3434.5,3125.5,2764.5,12360.5,2340,1969,1727,1486,1202.5,949,726.5,531.5,415,322,226.5,159,102.5,80,56,68
"2023","울산광역시","남자",566569.5,2589,2958,3181.5,3458.5,3861.5,4331.5,4979.5,5511.5,5674.5,5600.5,5843.5,6028.5,5913.5,5752,5699.5,5941,5731,5367.5,5480.5,5609.5,5705.5,6131.5,6730,6880,6871.5,7254.5,7715.5,7965,8000.5,7977.5,8002.5,7841,7490.5,7270.5,7186,6987.5,6998,7217,7387,7926.5,8921.5,9667.5,9893.5,9764.5,9123,8778.5,8736,8567.5,8947.5,9411,9617.5,10076.5,10305.5,10323,10646,10440,10320,10599,10390.5,9740,9957,10518.5,10246.5,9572.5,8765.5,8094.5,7460,6983.5,6402,5530.5,5160.5,4564,3950.5,3786,3650.5,3424.5,2778.5,2140.5,1925,1934.5,10405.5,2027.5,1755.5,1331.5,1159,963,3169,743.5,572,465,397,310.5,220,144,101.5,82,56.5,27.5,17.5,10,7.5,8.5,6
"2023","울산광역시","여자",537255.5,2527,2770.5,3078.5,3403.5,3714,4061,4565.5,5124,5319,5330,5561.5,5629,5444,5255.5,5228,5538,5323.5,4847,4868,4711.5,4442.5,4606,5226.5,5467,5302.5,5579,5677,5932.5,6114,6090,6169,6439,6226,5994.5,5983,5961,6131.5,6364,6736,7498,8503,9058.5,9220,9171.5,8346.5,8058,8198,8213.5,8856.5,9523.5,9808,10137,10467,10570,10870,10849,10046.5,9752,9761,9049.5,9166.5,9941,10105.5,9505.5,8571.5,8052,7547,7252,6566,5557.5,5337,4702.5,4039.5,3904,3788.5,3635,3047.5,2382.5,2406,2604.5,20447,2796,2588.5,2103,1966.5,1801.5,9191.5,1596.5,1397,1262,1089,892,729,582.5,430,333,265.5,199,141.5,92.5,72.5,47.5,62
"2023","세종특별자치시","계",384276.5,2869.5,3397,3633,3888.5,4303,4696.5,5159,5615,5675,5498.5,5724.5,5787,5552,5401,5245.5,5169.5,4803.5,4269.5,4046,3841,3586.5,3415,3546,3606,3524,3532,3688,4025.5,4401.5,4720,5095.5,5549.5,5538.5,5556.5,5837,6031.5,6237.5,6449.5,6653,7162,8092,8625,8490.5,8442.5,7723,7195,7204.5,6903.5,6956,6999.5,6658,6432.5,6256,5777.5,5508.5,5081.5,4507,4307,4296,4051.5,4058,4397,4412,4156,3752,3547.5,3384,3242.5,3009,2429,2279.5,2044,1767.5,1871.5,1733.5,1600,1387,1138.5,1104,1118.5,9609,1210,1199.5,966,896,838,4499.5,718.5,669.5,638,549,448.5,365.5,281.5,217,184,143.5,100.5,66,42,22.5,17,36.5
"2023","세종특별자치시","남자",191515,1435.5,1704,1827.5,1965,2195,2385.5,2628.5,2868,2908,2829,2922,2959,2850,2755,2605,2539,2392,2141.5,2013,1927.5,1866.5,1822,1878,1875.5,1807.5,1790,1836,2014,2196.5,2333,2532,2679.5,2662.5,2724,2901,2993.5,3070.5,3194,3289,3502,3892.5,4184.5,4172.5,4170.5,3818,3600,3608.5,3471.5,3566.5,3624.5,3527,3470.5,3332,3041,2881,2625,2319,2219.5,2200.5,2097.5,2082.5,2214,2195,2054.5,1865.5,1763.5,1663,1603,1472.5,1188,1096,989,869.5,905.5,838,758,641,517.5,478.5,473.5,3208,508,484,376,336,294,1210,234,215,190.5,157,122,79.5,56,48,34,24,18,12.5,8.5,4,1,6
"2023","세종특별자치시","여자",192761.5,1434,1693,1805.5,1923.5,2108,2311,2530.5,2747,2767,2669.5,2802.5,2828,2702,2646,2640.5,2630.5,2411.5,2128,2033,1913.5,1720,1593,1668,1730.5,1716.5,1742,1852,2011.5,2205,2387,2563.5,2870,2876,2832.5,2936,3038,3167,3255.5,3364,3660,4199.5,4440.5,4318,4272,3905,3595,3596,3432,3389.5,3375,3131,2962,2924,2736.5,2627.5,2456.5,2188,2087.5,2095.5,1954,1975.5,2183,2217,2101.5,1886.5,1784,1721,1639.5,1536.5,1241,1183.5,1055,898,966,895.5,842,746,621,625.5,645,6401,702,715.5,590,560,544,3289.5,484.5,454.5,447.5,392,326.5,286,225.5,169,150,119.5,82.5,53.5,33.5,18.5,16,30.5
"2023","경기도","계",13545542.5,71070,78360.5,81534,87571.5,95558,103196.5,114291,125824.5,129389.5,127916,134318.5,138832.5,135773.5,131753,130789,136295.5,132807,123357,125368.5,132689,133372,141031,159687.5,168335,169757,177297.5,181580,187227.5,192698,194061,197859.5,199023.5,188456,179192.5,178868.5,177961,178018.5,183641.5,188390.5,201343.5,223918,237061.5,238399,235198,217855,210040,214977.5,215151.5,226109.5,238079.5,242219.5,247782.5,248811.5,244082,241368,229325.5,213544,211850.5,213868.5,203826.5,205265,215609,216459.5,205444,186836.5,174784,161168,152909,141574,119390,115074.5,99260,82609,86703.5,86413.5,86664,78909,66213,61689.5,60868.5,473734.5,64908.5,62844.5,51839.5,46868.5,43113,204160.5,37600.5,32815,28681.5,24191.5,19040.5,15216,11853.5,9115.5,7383,5698.5,4132.5,2754,1837.5,1238.5,927,1675.5
"2023","경기도","남자",6811447,36545,40189,41492.5,44698,48931.5,53000.5,58597,64335,66128,65302.5,68661,70996,69499.5,67523.5,66991.5,69617,67838.5,63250.5,64273.5,68374,69289.5,73614.5,83395,87654,88311,92889,95783,99742,103305.5,104130,105561,105092.5,99159.5,93667.5,92833,91997.5,91644,94586.5,96676,103282.5,114761.5,121254,121881,119586.5,111204,106927,108854.5,109318,114638,120253,122429,125902.5,126097.5,122842.5,120259,113229.5,107594.5,108024.5,107853.5,103686.5,104730,108906,108295.5,102648,93614,87473,79740.5,74579,68858,57969.5,55358,47348.5,38818,40454,40222.5,39796.5,35654,29590,26853,25706,169379,27126.5,25782,20524.5,17973,16024.5,61948.5,13468,11257.5,9317.5,7519,5593,4190.5,3117,2211.5,1682.5,1216,788.5,505.5,321,228.5,204,328.5
"2023","경기도","여자",6734095.5,34525,38171.5,40041.5,42873.5,46626.5,50196,55694,61489.5,63261.5,62613.5,65657.5,67836.5,66274,64229.5,63797.5,66678.5,64968.5,60106.5,61095,64315,64082.5,67416.5,76292.5,80681,81446,84408.5,85797,87485.5,89392.5,89931,92298.5,93931,89296.5,85525,86035.5,85963.5,86374.5,89055,91714.5,98061,109156.5,115807.5,116518,115611.5,106651,103113,106123,105833.5,111471.5,117826.5,119790.5,121880,122714,121239.5,121109,116096,105949.5,103826,106015,100140,100535,106703,108164,102796,93222.5,87311,81427.5,78330,72716,61420.5,59716.5,51911.5,43791,46249.5,46191,46867.5,43255,36623,34836.5,35162.5,304355.5,37782,37062.5,31315,28895.5,27088.5,142212,24132.5,21557.5,19364,16672.5,13447.5,11025.5,8736.5,6904,5700.5,4482.5,3344,2248.5,1516.5,1010,723,1347
"2023","강원도","계",1526763,6938,7525.5,7905,8459.5,8817.5,9251.5,10189,11212,11542.5,11579.5,12468.5,13121,13002,12744,12631.5,13360,13372,12738.5,13280.5,13757,14394.5,15488,17163.5,17544,17048,16962,16877.5,16967,17095,16946.5,17107.5,16911,15895.5,15146,15054.5,15013,14955,15536,15993,17276.5,19673.5,20801.5,21051.5,20953.5,20083,19904.5,20427,20957,22719.5,24621.5,25189.5,25670,26261.5,26743.5,27570.5,26739.5,25656,25546,25637,25691.5,27385.5,30224,31263.5,30481.5,28844.5,28034,26378,24733.5,23304.5,19938.5,19866,16835,12542,13121,13618,14237,13350.5,12165.5,12073.5,11877,95323.5,12469,12224,10754,9863.5,9035.5,40977.5,7732,6539.5,5659.5,4698,3733.5,2938,2293.5,1874,1542,1201,881,608,412.5,286,223,356
"2023","강원도","남자",767650,3523.5,3836.5,4034.5,4341.5,4489,4746,5274,5716.5,5883,5947,6368,6738.5,6733.5,6586,6498,6953.5,6996.5,6651.5,6926,7236,7651,8369.5,9483,10018,9926.5,9752,9528.5,9556.5,9623,9488,9420,9136.5,8675.5,8204,7955.5,7855.5,7828.5,8172,8337,8879,10024,10575.5,10674,10571.5,10190,10114.5,10394.5,10677,11593.5,12676.5,13134.5,13422.5,13636,13854,14262.5,13728.5,13261,13102.5,12960.5,13134,13997.5,15202,15450,15044,14362.5,14170,13377.5,12388,11610.5,9869.5,9682,8018,5798.5,6087,6308,6548,6129.5,5464.5,5184.5,4962,32671,5079.5,4825.5,4114,3637.5,3249,11765.5,2709.5,2202.5,1784,1316.5,999.5,743.5,533.5,414,319,221.5,149.5,100,78,61.5,56.5,76.5
"2023","강원도","여자",759113,3414.5,3689,3870.5,4118,4328.5,4505.5,4915,5495.5,5659.5,5632.5,6100.5,6382.5,6268.5,6158,6133.5,6406.5,6375.5,6087,6354.5,6521,6743.5,7118.5,7680.5,7526,7121.5,7210,7349,7410.5,7472,7458.5,7687.5,7774.5,7220,6942,7099,7157.5,7126.5,7364,7656,8397.5,9649.5,10226,10377.5,10382,9893,9790,10032.5,10280,11126,11945,12055,12247.5,12625.5,12889.5,13308,13011,12395,12443.5,12676.5,12557.5,13388,15022,15813.5,15437.5,14482,13864,13000.5,12345.5,11694,10069,10184,8817,6743.5,7034,7310,7689,7221,6701,6889,6915,62652.5,7389.5,7398.5,6640,6226,5786.5,29212,5022.5,4337,3875.5,3381.5,2734,2194.5,1760,1460,1223,979.5,731.5,508,334.5,224.5,166.5,279.5
"2023","충청북도","계",1589702,7411.5,7973,8533.5,9044.5,10013,11051.5,12088,13197.5,13489,13542.5,14413.5,14970,14850.5,14424,14234,14984.5,14630.5,13665,14103,14785.5,14989.5,16064.5,17776.5,18182.5,18092,18742,19503,20131,20526.5,20636,20518,19874.5,18637,17603.5,17468,17616.5,17854,18227,18907,20255,22479,23594,23475,23482,22052.5,21570,22436.5,22731.5,24301.5,26163.5,26106,26341.5,27011,28007.5,29079,28090,26630.5,26698,26500,24623.5,26284,30138,30155.5,28194.5,26439,25788,24515.5,22959,21195.5,18311,17987,15761,12576.5,12800,12907.5,12870.5,11444,9821.5,9802,10006.5,85364.5,11259,11054.5,8922,8398,7884.5,37846.5,6918,6199,5516,4643,3646.5,2875,2141.5,1603.5,1290.5,964.5,686,447,303,213,140,260
"2023","충청북도","남자",807811,3800,4079.5,4367,4676.5,5179,5653,6208.5,6756.5,6829,6869.5,7352,7667,7628,7443.5,7397,7806,7545.5,7066.5,7378,7820.5,7963,8610,9654.5,10087,10076,10300.5,10891.5,11409.5,11659,11860,11786,11257.5,10398,9707,9483.5,9422.5,9511,9635.5,9961.5,10620.5,11642,12237.5,12191.5,12161.5,11519,11184,11589.5,11700,12480,13449,13519,13745.5,14020,14381.5,14669.5,14135.5,13740.5,13842.5,13563,12691,13641,15522,15241,14122,13369.5,13089.5,12374.5,11449.5,10439,9012.5,8795,7630,5998,6145.5,6199.5,6034,5240,4391.5,4189.5,4058.5,28590.5,4467,4276.5,3367,3084,2767.5,10628.5,2336,1996.5,1666.5,1326,956.5,712,485,318,257,195,133.5,84,54,41,24,43.5
"2023","충청북도","여자",781891,3611.5,3893.5,4166.5,4368,4834,5398.5,5879.5,6441,6660,6673,7061.5,7303,7222.5,6980.5,6837,7178.5,7085,6598.5,6725,6965,7026.5,7454.5,8122,8095.5,8016,8441.5,8611.5,8721.5,8867.5,8776,8732,8617,8239,7896.5,7984.5,8194,8343,8591.5,8945.5,9634.5,10837,11356.5,11283.5,11320.5,10533.5,10386,10847,11031.5,11821.5,12714.5,12587,12596,12991,13626,14409.5,13954.5,12890,12855.5,12937,11932.5,12643,14616,14914.5,14072.5,13069.5,12698.5,12141,11509.5,10756.5,9298.5,9192,8131,6578.5,6654.5,6708,6836.5,6204,5430,5612.5,5948,56774,6792,6778,5555,5314,5117,27218,4582,4202.5,3849.5,3317,2690,2163,1656.5,1285.5,1033.5,769.5,552.5,363,249,172,116,216.5
"2023","충청남도","계",2119950.5,9708.5,10864.5,11788.5,12857.5,13981.5,15207,16841,18528.5,19151,19162,20336.5,21113,20820.5,20221,20089,20956,20477.5,19065,19236,19713.5,19777.5,20936.5,23017.5,23111,22240.5,22542,23289,23911.5,24386,24690.5,25342.5,25246,24070,23509,23823,24379.5,24990,25580.5,26079.5,28329.5,31994.5,33788.5,33790.5,33151.5,31117.5,30255,31025,31051.5,32820,34973.5,34685,35512.5,36076.5,35636,36468.5,35143.5,32395.5,32243.5,33763.5,32057.5,32893,37119.5,38568,36448,32711,30906.5,29536,28987,27796,23284.5,21965,20708,19125.5,19691,19233.5,18760.5,16283.5,13181.5,13229.5,13807,128397,15825.5,15829,12499,11971.5,11903,60369,10578.5,9520.5,8644,7404.5,5892,4859,3743,2655,2059,1601.5,1153,741.5,475.5,334,250,458
"2023","충청남도","남자",1084955.5,4932.5,5577.5,6100,6617.5,7132,7763.5,8641.5,9523,9818,9772.5,10399.5,10868,10843,10489,10355.5,10856,10681.5,9882,9913,10252,10490.5,11234,12360.5,12776,12523,12654.5,13029.5,13561,14019.5,13999.5,14026,13901,13307.5,12914,12965.5,13112,13325.5,13679.5,13887,15043,17004,17977.5,18033,17517.5,16661,16302.5,16468,16308,17295,18589.5,18570,19190,19427,18978,19194.5,18368,17149.5,17121,17667,16792,17311.5,19322.5,19674,18406.5,16490.5,15677,14947.5,14416,13643.5,11398,10676.5,9998,9157,9392.5,9197,8852.5,7656.5,6098.5,5708.5,5702.5,43389.5,6326,6116,4685,4357,4168.5,17737,3586,3144,2727,2242.5,1722,1316.5,931,635.5,464.5,335,223,150,95,60.5,47,57.5
"2023","충청남도","여자",1034995,4776,5287,5688.5,6240,6849.5,7443.5,8199.5,9005.5,9333,9389.5,9937,10245,9977.5,9732,9733.5,10100,9796,9183,9323,9461.5,9287,9702.5,10657,10335,9717.5,9887.5,10259.5,10350.5,10366.5,10691,11316.5,11345,10762.5,10595,10857.5,11267.5,11664.5,11901,12192.5,13286.5,14990.5,15811,15757.5,15634,14456.5,13952.5,14557,14743.5,15525,16384,16115,16322.5,16649.5,16658,17274,16775.5,15246,15122.5,16096.5,15265.5,15581.5,17797,18894,18041.5,16220.5,15229.5,14588.5,14571,14152.5,11886.5,11288.5,10710,9968.5,10298.5,10036.5,9908,8627,7083,7521,8104.5,85007.5,9499.5,9713,7814,7614.5,7734.5,42632,6992.5,6376.5,5917,5162,4170,3542.5,2812,2019.5,1594.5,1266.5,930,591.5,380.5,273.5,203,400.5
"2023","전라북도","계",1757041,6695,7373.5,7988,8788,9727,10881.5,12189,13649.5,14454,14667.5,15733,16629,16688,16271.5,16209,17202.5,17027,16200,16721.5,17125,17687,18857.5,20656,20478,19778.5,19541,19399,19449,19357,18906.5,18524,18170,17054.5,16209,16088.5,16060,16447,17386.5,18287,19914.5,22314,23708,24192.5,24402,23415.5,23732.5,24703,24854,27301,29542,29634,30612.5,31085,30383,31043,30538,29094,29157,28814.5,27654,28754.5,31176,33267.5,32513.5,28603,27219.5,26338.5,25872,25187.5,21147.5,19732,19194,19023.5,19388,17942,18399,17240.5,13757.5,12567.5,12667.5,120400.5,15583.5,16001.5,12247,11296,10879.5,54393,9559.5,8493,7689,6641,5361,4217,3310,2488.5,1918,1516,1118.5,731,432,257,208,453.5
"2023","전라북도","남자",874075.5,3327.5,3702,4069,4471,4976,5570,6268.5,7019.5,7439.5,7563.5,8122.5,8535.5,8530,8365,8382,8907,8802.5,8446.5,8707.5,8894.5,9407,10104.5,11054.5,11223,10955.5,10754.5,10545,10589,10496,10173.5,9868,9574.5,9017.5,8570.5,8417.5,8272.5,8410,8851,9263,10174.5,11391.5,12072,12335.5,12469,12040.5,12110.5,12635.5,12796,14036.5,15161.5,15348,16081.5,16291,15823.5,16118,15701,15111,15199,14873.5,14257.5,14799.5,15821,16544.5,16104.5,14185,13611,13195.5,12744,12245.5,10253.5,9504,9150,9005.5,8978.5,8175,8444.5,7868,6080,5300.5,5117.5,39274.5,5970.5,5997.5,4480.5,3987.5,3738.5,15100,3148,2648.5,2304.5,1934,1462,1063.5,775,519.5,410,306,206,123.5,70.5,40.5,30.5,58
"2023","전라북도","여자",882965.5,3367.5,3671.5,3919,4317,4751,5311.5,5920.5,6630,7014.5,7104,7610.5,8093.5,8158,7906.5,7827,8295.5,8224.5,7753.5,8014,8230.5,8280,8753,9601.5,9255,8823,8786.5,8854,8860,8861,8733,8656,8595.5,8037,7638.5,7671,7787.5,8037,8535.5,9024,9740,10922.5,11636,11857,11933,11375,11622,12067.5,12058,13264.5,14380.5,14286,14531,14794,14559.5,14925,14837,13983,13958,13941,13396.5,13955,15355,16723,16409,14418,13608.5,13143,13128,12942,10894,10228,10044,10018,10409.5,9767,9954.5,9372.5,7677.5,7267,7550,81126,9613,10004,7766.5,7308.5,7141,39293,6411.5,5844.5,5384.5,4707,3899,3153.5,2535,1969,1508,1210,912.5,607.5,361.5,216.5,177.5,395.5
"2023","전라남도","계",1806802,7687.5,8242,8919,9786,10508,11191.5,12313.5,13745.5,14288.5,14585,15764,16626.5,16413,15777.5,15607,16405.5,16297,15310,15778,16173,16427,17436,18939,18993.5,18187.5,18243.5,18432.5,18639,18469.5,17967,17799.5,17505.5,16383.5,15576.5,15510,15695.5,16333,17318,18283,19996.5,22604,23769.5,23969,24452,23310,23110.5,23943,24082.5,25910,28061.5,28983.5,30256.5,31168,30819.5,31788,31965,31178.5,31549.5,31105,30785.5,31542,32906.5,35282,35111,31970.5,30065,27835,26739.5,25750,21749,21403,21753.5,20430.5,20546.5,20066,20401.5,18741.5,15774,15064.5,14925.5,142380.5,17907.5,18703,15663,14350.5,13170.5,62586,11582.5,9996.5,8585,7382,5841,4662,3771,3028,2407.5,1656.5,1149,792,514,365,295.5,558.5
"2023","전라남도","남자",909893,3905,4180,4545.5,4984,5332.5,5765.5,6352,7052,7310.5,7431,8003.5,8412,8439.5,8158.5,8031,8436,8368.5,7850.5,8179,8606,8977,9725,10551,10750,10325,10195.5,10354.5,10524.5,10344.5,9985,9668,9387.5,8762,8202,8114.5,8134,8447.5,9012.5,9519.5,10437,11918.5,12651.5,12674.5,12788,12318,12229.5,12727.5,12915,13880.5,15053.5,15553.5,16412.5,16873,16544,17116.5,17173,16992,17193,16525.5,16337,16806,17145,18039,17913,16387.5,15437,14191,13499,12846.5,10685.5,10357.5,10538,9806.5,9767.5,9467,9359,8388,6753,6153.5,5872.5,43845.5,6752,6860.5,5489,4810,4222,15712,3479,2846,2315,1894.5,1401,1059.5,812,568,448,327,200.5,125,76,56,44.5,60
"2023","전라남도","여자",896909,3782.5,4062,4373.5,4802,5175.5,5426,5961.5,6693.5,6978,7154,7760.5,8214.5,7973.5,7619,7576,7969.5,7928.5,7459.5,7599,7567,7450,7711,8388,8243.5,7862.5,8048,8078,8114.5,8125,7982,8131.5,8118,7621.5,7374.5,7395.5,7561.5,7885.5,8305.5,8763.5,9559.5,10685.5,11118,11294.5,11664,10992,10881,11215.5,11167.5,12029.5,13008,13430,13844,14295,14275.5,14671.5,14792,14186.5,14356.5,14579.5,14448.5,14736,15761.5,17243,17198,15583,14628,13644,13240.5,12903.5,11063.5,11045.5,11215.5,10624,10779,10599,11042.5,10353.5,9021,8911,9053,98535,11155.5,11842.5,10174,9540.5,8948.5,46874,8103.5,7150.5,6270,5487.5,4440,3602.5,2959,2460,1959.5,1329.5,948.5,667,438,309,251,498.5
"2023","경상북도","계",2558213.5,10494,11586,12266.5,13389,14784,16190,17975,20030,20683,20772,22043.5,22718,21991,21341.5,21384,22394.5,22278,21040.5,21408.5,21769,22303,23804,26420,26272,25179.5,25154.5,25612,26133.5,26474.5,26243.5,26514,26594.5,25373,24588,24536.5,24995.5,25741,26566,27360.5,29807.5,33914.5,36336,36741.5,36456.5,34068,33505.5,34706.5,35689,38508,40922.5,41991.5,43140.5,44183.5,44860,46590,46018,43796,44141,44614.5,43563.5,45789,50136,51152.5,50414,46464.5,43393,42577,40937.5,38184.5,34426,34165.5,31193.5,26859,27015.5,27395.5,26171,21285,16763,17652,20033.5,170248.5,22657.5,21503,17738.5,17144.5,15851.5,75353.5,13537,12082.5,10864,9270,7256,5806,4520,3320,2546.5,1954.5,1457,942.5,602.5,386.5,283.5,525
"2023","경상북도","남자",1290582,5397.5,5898.5,6306.5,6877.5,7630,8343.5,9200,10258.5,10644.5,10754.5,11452.5,11788,11377.5,11086,11180.5,11659.5,11711,11109.5,11337.5,11644,12290,13282.5,14843,15193,14666.5,14449,14672,15095,15210,15007,14884,14675.5,13959,13538.5,13440,13425,13617.5,14116,14383,15492,17551,18797,19184,19008.5,17917.5,17494,17955.5,18473.5,19922,21106,21803,22710.5,23090.5,23300.5,24083.5,23431.5,22751.5,22982.5,22801.5,22492,23653,25748,25879,25130.5,23271,22100.5,21545,20152.5,18704.5,16842.5,16299,14796,12780,12881.5,13011.5,12235,9806,7437.5,7267.5,7864,54426,8709,8080.5,6396.5,5910,5229.5,20100.5,4281,3666,3133.5,2531.5,1857,1406.5,1030.5,687.5,491,357,270,148,82,60,47,52
"2023","경상북도","여자",1267631.5,5096.5,5687.5,5960,6511.5,7154,7846.5,8775,9771.5,10038.5,10017.5,10591,10930,10613.5,10255.5,10203.5,10735,10567,9931,10071,10125,10013,10521.5,11577,11079,10513,10705.5,10940,11038.5,11264.5,11236.5,11630,11919,11414,11049.5,11096.5,11570.5,12123.5,12450,12977.5,14315.5,16363.5,17539,17557.5,17448,16150.5,16011.5,16751,17215.5,18586,19816.5,20188.5,20430,21093,21559.5,22506.5,22586.5,21044.5,21158.5,21813,21071.5,22136,24388,25273.5,25283.5,23193.5,21292.5,21032,20785,19480,17583.5,17866.5,16397.5,14079,14134,14384,13936,11479,9325.5,10384.5,12169.5,115822.5,13948.5,13422.5,11342,11234.5,10622,55253,9256,8416.5,7730.5,6738.5,5399,4399.5,3489.5,2632.5,2055.5,1597.5,1187,794.5,520.5,326.5,236.5,473
"2023","경상남도","계",3255461,13254,14857.5,16177,18106.5,20383.5,22719.5,25812,28899.5,30335.5,30357,32053.5,33466,32917,31740.5,31583.5,33239,32186.5,29645.5,30258,30145,29972,31397,33851,33882,32672.5,32661,33605.5,34085,34433,34776.5,35146.5,35308.5,33841.5,32833,33061.5,33405,34357,36262.5,38369,42307,47893,51577,53004,52957.5,49508.5,47857,48478.5,49342.5,52728.5,56542.5,57577.5,58688,60348,60841.5,61300,59552.5,56387.5,55511.5,54594,51751,55241.5,61093.5,62693,59298.5,53565.5,51384,48778,46976.5,43887,36982.5,35724,33461,28830,28555,28579.5,27388,23606.5,19048,18780,19853.5,160931.5,20888.5,20550,17893,16297,14654,70649,12796.5,11423,10009,8544.5,6852.5,5430.5,4324,3221.5,2484,1838,1298,851,569,360.5,242,405
"2023","경상남도","남자",1638272.5,6743.5,7596,8359,9285,10457.5,11752.5,13324,14832.5,15631,15650.5,16480.5,17186.5,16954.5,16459,16312,17144,16708,15444,15887.5,16230,16690.5,17782,19076.5,19125,18478.5,18385.5,18894.5,19168,19155.5,19161.5,19154,18981,18279,17646.5,17500,17368,17809.5,18950.5,19791.5,21709.5,24541.5,26426,27277.5,27234.5,25616.5,24612.5,24842.5,25245,26974,28874,29572,30382.5,30984,31082.5,31058.5,29843.5,28879,28630.5,27569,26530,28341,30765.5,31167,29600.5,27005.5,25905,24277.5,22934.5,21548,18169.5,17208,16051.5,13685,13437,13355.5,12548.5,10615.5,8424,7901,7924,49688.5,7936.5,7532,6295.5,5437,4679.5,17808,3930.5,3332,2761,2201,1653.5,1201,854,574,445,322,199,126,75.5,51,34.5,48
"2023","경상남도","여자",1617188.5,6510.5,7261.5,7818,8821.5,9926,10967,12488,14067,14704.5,14706.5,15573,16279.5,15962.5,15281.5,15271.5,16095,15478.5,14201.5,14370.5,13915,13281.5,13615,14774.5,14757,14194,14275.5,14711,14917,15277.5,15615,15992.5,16327.5,15562.5,15186.5,15561.5,16037,16547.5,17312,18577.5,20597.5,23351.5,25151,25726.5,25723,23892,23244.5,23636,24097.5,25754.5,27668.5,28005.5,28305.5,29364,29759,30241.5,29709,27508.5,26881,27025,25221,26900.5,30328,31526,29698,26560,25479,24500.5,24042,22339,18813,18516,17409.5,15145,15118,15224,14839.5,12991,10624,10879,11929.5,111243,12952,13018,11597.5,10860,9974.5,52841,8866,8091,7248,6343.5,5199,4229.5,3470,2647.5,2039,1516,1099,725,493.5,309.5,207.5,357
"2023","제주특별자치도","계",673099,3353.5,3735,4020.5,4498.5,5017,5480.5,6135.5,6775,7029,7034.5,7421.5,7669.5,7391.5,7122,6961.5,7195.5,7064,6606,6579,6599.5,6638.5,6930,7603.5,7659,7295.5,7462,7751,7957,8141.5,8247.5,8319,8175.5,7629.5,7144,7059.5,7196.5,7418.5,7885.5,8437,9240.5,10556,11295.5,11279,11370,10472.5,10054.5,10425.5,10463,11270.5,11953,12275.5,12820,12755,12240.5,12079.5,11601,11098.5,10843.5,10516.5,10631.5,10621.5,10543,10632,10256.5,9464,8916.5,8437,8213.5,7514,6074,5658.5,5375,4879.5,4858,4999,5090,4697,4076.5,3781,3708.5,31423,3711,3676.5,3271,3011.5,2818.5,14934.5,2517,2183,1925.5,1750,1580.5,1281.5,923.5,711,596,426.5,276,184,123.5,82.5,117.5,256.5
"2023","제주특별자치도","남자",336907.5,1710,1917.5,2087,2310.5,2552.5,2814,3171.5,3506,3612.5,3568.5,3777.5,3939,3822.5,3686,3578,3692.5,3656.5,3477,3487.5,3471,3619,3838.5,4052.5,4052,3924.5,3938.5,4044.5,4164.5,4286.5,4307,4340.5,4215,3907.5,3647,3520.5,3566.5,3727.5,3956,4190,4581.5,5225.5,5661.5,5686,5664.5,5263,5127.5,5390,5461.5,5874,6196,6278,6598.5,6596.5,6361,6249,5980,5822,5697,5458,5485,5462,5322,5335,5144,4733.5,4481,4178,4017.5,3680.5,2915.5,2685,2575.5,2287,2232,2334,2360.5,2118,1830.5,1667,1567.5,10190,1514.5,1465.5,1255,1102,984.5,3868.5,842,692.5,577.5,499,401,285,196,135,96.5,60,29,19.5,10,6,7.5,12
"2023","제주특별자치도","여자",336191.5,1643.5,1817.5,1933.5,2188,2464.5,2666.5,2964,3269,3416.5,3466,3644,3730.5,3569,3436,3383.5,3503,3407.5,3129,3091.5,3128.5,3019.5,3091.5,3551,3607,3371,3523.5,3706.5,3792.5,3855,3940.5,3978.5,3960.5,3722,3497,3539,3630,3691,3929.5,4247,4659,5330.5,5634,5593,5705.5,5209.5,4927,5035.5,5001.5,5396.5,5757,5997.5,6221.5,6158.5,5879.5,5830.5,5621,5276.5,5146.5,5058.5,5146.5,5159.5,5221,5297,5112.5,4730.5,4435.5,4259,4196,3833.5,3158.5,2973.5,2799.5,2592.5,2626,2665,2729.5,2579,2246,2114,2141,21233,2196.5,2211,2016,1909.5,1834,11066,1675,1490.5,1348,1251,1179.5,996.5,727.5,576,499.5,366.5,247,164.5,113.5,76.5,110,244.5
